[{"user_id": 6365140337, "username": "neverlose102", "url": "https://countbout.lol/6365140337-b9c18feb-56d3-4288-8901-157f4103b59c", "method": "flood", "attack_time": 60, "start_time": "2024-12-11 15:08:25"}, {"user_id": 7371969470, "username": "NeganSSHConsole", "url": "https://countbout.lol/7371969470-f445612f-fab0-4f79-abc4-b087624a6bad", "method": "flood", "attack_time": 200, "start_time": "2024-12-11 15:11:04"}, {"user_id": 5657673155, "username": "buihuong203", "url": "http://smmsieure.com/", "method": "tls-nvl", "attack_time": 60, "start_time": "2024-12-11 15:17:50"}, {"user_id": 5564135171, "username": "taowebre", "url": "https://www.cmsnt.co/", "method": "flood", "attack_time": 120, "start_time": "2024-12-11 15:19:02"}, {"user_id": 6365140337, "username": "neverlose102", "url": "https://countbout.lol/6365140337-9508e2a4-411f-4fe9-8986-8707923919df", "method": "flood", "attack_time": 60, "start_time": "2024-12-11 15:20:06"}, {"user_id": 6365140337, "username": "neverlose102", "url": "https://countbout.lol/6365140337-4ec366c4-2554-47a8-86e3-b8976025c4f5", "method": "flood", "attack_time": 60, "start_time": "2024-12-11 22:24:20"}, {"user_id": 7371969470, "username": "NeganSSHConsole", "url": "https://countbout.lol/7371969470-965289cb-0721-43b2-a179-0b560e19ee77", "method": "flood", "attack_time": 120, "start_time": "2024-12-12 04:29:23"}, {"user_id": 7371969470, "username": "NeganSSHConsole", "url": "https://countbot.lol/7371969470-344ab55e-4f93-45b7-b954-0265546ae433", "method": "flood", "attack_time": 200, "start_time": "2024-12-12 04:41:50"}, {"user_id": 7371969470, "username": "NeganSSHConsole", "url": "https://countbout.lol/7371969470-8c5cccdd-37f6-4709-9c69-ecce18b0a714", "method": "flood", "attack_time": 200, "start_time": "2024-12-12 04:53:42"}, {"user_id": 7371969470, "username": "NeganSSHConsole", "url": "https://countbout.lol/7371969470-e93166ac-0877-4838-9ef4-6f1e2eec1137", "method": "flood", "attack_time": 200, "start_time": "2024-12-12 07:36:22"}, {"user_id": 7371969470, "username": "NeganSSHConsole", "url": "https://countbout.lol/7371969470-20a42e0d-91a0-4d5f-b4ed-e5adab211859", "method": "flood", "attack_time": 200, "start_time": "2024-12-12 07:40:41"}]